Id,Genre,Category,MediaName,Type,Rating,Participant,
1,Ação,Guerra,Jornada lunática,Vídeo,14 anos,Nicolas Silva,
2,Ação,Guerra,Jornada lunática,Vídeo,14 anos,Erick Santos,
3,Ação,Lutas,Jornada lunática,Vídeo,14 anos,Amanda Souza,
4,Ação,Lutas,Jornada lunática,Vídeo,14 anos,Nicolas Silva,
5,Ação,Faroeste,Dick o cowboy assasino,Vídeo,Livre,Pedro Demmer,
6,Terror,Sobre Natural,Espírito da maldição,Vídeo,16 anos,Victor Hugo,
21,﻿1,Ação,Guerra,Jornada lunática,Vídeo,14 anos,
22,2,Ação,Guerra,Jornada lunática,Vídeo,14 anos,
23,3,Ação,Lutas,Jornada lunática,Vídeo,14 anos,
24,4,Ação,Lutas,Jornada lunática,Vídeo,14 anos,
25,5,Ação,Faroeste,Dick o cowboy assasino,Vídeo,Livre,
26,6,Terror,Sobre Natural,Espírito da maldição,Vídeo,16 anos,
